edgeID,startNode,endNode
ACONF00102_AHALL00102,ACONF00102,AHALL00102
ACONF00103_AHALL00503,ACONF00103,AHALL00503
ACONF0010G_AHALL0060G,ACONF0010G,AHALL0060G
ACONF0010G_AHALL0070G,ACONF0010G,AHALL0070G
ACONF0010G_AHALL0080G,ACONF0010G,AHALL0080G
ADEPT00101_AHALL00401,ADEPT00101,AHALL00401
ADEPT00102_AHALL00502,ADEPT00102,AHALL00502
ADEPT0010G_AHALL0040G,ADEPT0010G,AHALL0040G
ADEPT00201_AHALL00601,ADEPT00201,AHALL00601
ADEPT0020G_AHALL0110G,ADEPT0020G,AHALL0110G
ADEPT00301_AHALL00701,ADEPT00301,AHALL00701
AELEV00S01_AELEV00S02,AELEV00S01,AELEV00S02
AELEV00S01_AELEV00S03,AELEV00S01,AELEV00S03
AELEV00S01_AELEV00S0G,AELEV00S01,AELEV00S0G
AELEV00S01_AELEV00SL2,AELEV00S01,AELEV00SL2
AELEV00S01_AHALL00801,AELEV00S01,AHALL00801
AELEV00S02_AELEV00S03,AELEV00S02,AELEV00S03
AELEV00S02_AELEV00S0G,AELEV00S02,AELEV00S0G
AELEV00S02_AELEV00SL2,AELEV00S02,AELEV00SL2
AELEV00S02_AHALL00402,AELEV00S02,AHALL00402
AELEV00S03_AELEV00S0G,AELEV00S03,AELEV00S0G
AELEV00S03_AELEV00SL2,AELEV00S03,AELEV00SL2
AELEV00S03_AHALL00103,AELEV00S03,AHALL00103
AELEV00S0G_AELEV00SL2,AELEV00S0G,AELEV00SL2
AELEV00S0G_AHALL0090G,AELEV00S0G,AHALL0090G
AELEV00SL2_AHALL001L2,AELEV00SL2,AHALL001L2
AEXIT0010G_AHALL0010G,AEXIT0010G,AHALL0010G
AEXIT001L2_AHALL002L2,AEXIT001L2,AHALL002L2
AHALL00101_AHALL00201,AHALL00101,AHALL00201
AHALL00101_AHALL00901,AHALL00101,AHALL00901
AHALL00101_AHALL01001,AHALL00101,AHALL01001
AHALL00101_ARETL00101,AHALL00101,ARETL00101
AHALL00101_ASTAI00101,AHALL00101,ASTAI00101
AHALL00102_AHALL00202,AHALL00102,AHALL00202
AHALL00102_AHALL00602,AHALL00102,AHALL00602
AHALL00103_AHALL00203,AHALL00103,AHALL00203
AHALL0010G_AHALL0020G,AHALL0010G,AHALL0020G
AHALL0010G_AHALL0050G,AHALL0010G,AHALL0050G
AHALL001L2_AHALL002L2,AHALL001L2,AHALL002L2
AHALL00201_AHALL00301,AHALL00201,AHALL00301
AHALL00201_AHALL00901,AHALL00201,AHALL00901
AHALL00201_AHALL01001,AHALL00201,AHALL01001
AHALL00201_ASTAI00101,AHALL00201,ASTAI00101
AHALL00202_AHALL00302,AHALL00202,AHALL00302
AHALL00202_ASTAI00102,AHALL00202,ASTAI00102
AHALL00203_AHALL00303,AHALL00203,AHALL00303
AHALL00203_ALABS00103,AHALL00203,ALABS00103
AHALL0020G_AHALL0060G,AHALL0020G,AHALL0060G
AHALL0020G_AHALL0130G,AHALL0020G,AHALL0130G
AHALL0020G_ASTAI0010G,AHALL0020G,ASTAI0010G
AHALL002L2_AHALL003L2,AHALL002L2,AHALL003L2
AHALL002L2_AINFO001L2,AHALL002L2,AINFO001L2
AHALL00301_AHALL00401,AHALL00301,AHALL00401
AHALL00301_AHALL00801,AHALL00301,AHALL00801
AHALL00302_AHALL00402,AHALL00302,AHALL00402
AHALL00303_AHALL00403,AHALL00303,AHALL00403
AHALL00303_ALABS00203,AHALL00303,ALABS00203
AHALL003L2_AHALL004L2,AHALL003L2,AHALL004L2
AHALL00401_AHALL00501,AHALL00401,AHALL00501
AHALL00401_AHALL00801,AHALL00401,AHALL00801
AHALL00402_AHALL00502,AHALL00402,AHALL00502
AHALL00403_AHALL00503,AHALL00403,AHALL00503
AHALL0040G_AHALL0120G,AHALL0040G,AHALL0120G
AHALL004L2_ALABS001L2,AHALL004L2,ALABS001L2
AHALL00501_AHALL00601,AHALL00501,AHALL00601
AHALL00501_AHALL00701,AHALL00501,AHALL00701
AHALL00503_AHALL00603,AHALL00503,AHALL00603
AHALL0050G_AHALL0070G,AHALL0050G,AHALL0070G
AHALL00602_WHALL01002,AHALL00602,WHALL01002
AHALL00603_AREST00103,AHALL00603,AREST00103
AHALL0060G_AHALL0080G,AHALL0060G,AHALL0080G
AHALL0060G_AHALL0150G,AHALL0060G,AHALL0150G
AHALL0070G_AINFO0020G,AHALL0070G,AINFO0020G
AHALL0080G_AHALL0100G,AHALL0080G,AHALL0100G
AHALL0080G_AHALL0140G,AHALL0080G,AHALL0140G
AHALL00901_AHALL01001,AHALL00901,AHALL01001
AHALL00901_AREST00101,AHALL00901,AREST00101
AHALL0090G_AHALL0140G,AHALL0090G,AHALL0140G
AHALL0090G_AINFO0010G,AHALL0090G,AINFO0010G
AHALL01001_ASTAI00101,AHALL01001,ASTAI00101
AHALL0100G_AHALL0110G,AHALL0100G,AHALL0110G
AHALL0120G_AHALL0130G,AHALL0120G,AHALL0130G
AHALL0140G_AINFO0020G,AHALL0140G,AINFO0020G
ASTAI00101_ASTAI00102,ASTAI00101,ASTAI00102
ASTAI00101_ASTAI0010G,ASTAI00101,ASTAI0010G
BCONF00102_BHALL03402,BCONF00102,BHALL03402
BDEPT00102_BHALL03802,BDEPT00102,BHALL03802
BDEPT00202_BHALL03402,BDEPT00202,BHALL03402
BDEPT00302_BHALL00502,BDEPT00302,BHALL00502
BDEPT00302_WELEV00J02,BDEPT00302,WELEV00J02
BDEPT00402_BHALL00502,BDEPT00402,BHALL00502
BDEPT00402_BHALL00602,BDEPT00402,BHALL00602
BDEPT00502_BHALL01802,BDEPT00502,BHALL01802
BDEPT00502_BHALL01902,BDEPT00502,BHALL01902
BDEPT00602_BHALL03302,BDEPT00602,BHALL03302
BDEPT00702_BHALL01702,BDEPT00702,BHALL01702
BDEPT00702_BSTAI00502,BDEPT00702,BSTAI00502
BDEPT00802_BHALL01302,BDEPT00802,BHALL01302
BDEPT00802_BSTAI00602,BDEPT00802,BSTAI00602
BDEPT00902_BHALL01402,BDEPT00902,BHALL01402
BDEPT00902_BSTAI00602,BDEPT00902,BSTAI00602
BDEPT00902_WELEV00E02,BDEPT00902,WELEV00E02
BHALL00102_BHALL00202,BHALL00102,BHALL00202
BHALL00102_BSTAI00102,BHALL00102,BSTAI00102
BHALL00102_BSTAI01002,BHALL00102,BSTAI01002
BHALL00202_BHALL00502,BHALL00202,BHALL00502
BHALL00202_BSTAI00202,BHALL00202,BSTAI00202
BHALL00302_BHALL03402,BHALL00302,BHALL03402
BHALL00302_BHALL03502,BHALL00302,BHALL03502
BHALL00302_BSTAI01002,BHALL00302,BSTAI01002
BHALL00302_WELEV00K02,BHALL00302,WELEV00K02
BHALL00402_BHALL03102,BHALL00402,BHALL03102
BHALL00402_BHALL03502,BHALL00402,BHALL03502
BHALL00402_BLABS00102,BHALL00402,BLABS00102
BHALL00402_BREST00302,BHALL00402,BREST00302
BHALL00502_WELEV00J02,BHALL00502,WELEV00J02
BHALL00602_BHALL00702,BHALL00602,BHALL00702
BHALL00602_BHALL01802,BHALL00602,BHALL01802
BHALL00602_BREST00202,BHALL00602,BREST00202
BHALL00702_BHALL01002,BHALL00702,BHALL01002
BHALL00702_BHALL01502,BHALL00702,BHALL01502
BHALL00802_BREST00202,BHALL00802,BREST00202
BHALL00802_BSTAI00302,BHALL00802,BSTAI00302
BHALL00902_BHALL03702,BHALL00902,BHALL03702
BHALL01002_BHALL01102,BHALL01002,BHALL01102
BHALL01002_BHALL01602,BHALL01002,BHALL01602
BHALL01102_BHALL01202,BHALL01102,BHALL01202
BHALL01102_BHALL02302,BHALL01102,BHALL02302
BHALL01202_BHALL01302,BHALL01202,BHALL01302
BHALL01202_BSTAI00502,BHALL01202,BSTAI00502
BHALL01202_WELEV00G02,BHALL01202,WELEV00G02
BHALL01302_BINFO00202,BHALL01302,BINFO00202
BHALL01402_BHALL02602,BHALL01402,BHALL02602
BHALL01402_WHALL00102,BHALL01402,WHALL00102
BHALL01902_BHALL02002,BHALL01902,BHALL02002
BHALL01902_BHALL04102,BHALL01902,BHALL04102
BHALL02002_BHALL02102,BHALL02002,BHALL02102
BHALL02002_BHALL04202,BHALL02002,BHALL04202
BHALL02102_BHALL02202,BHALL02102,BHALL02202
BHALL02102_BSERV00102,BHALL02102,BSERV00102
BHALL02202_BHALL02302,BHALL02202,BHALL02302
BHALL02302_BINFO00102,BHALL02302,BINFO00102
BHALL02502_BHALL02602,BHALL02502,BHALL02602
BHALL02502_BINFO00202,BHALL02502,BINFO00202
BHALL02602_BHALL02702,BHALL02602,BHALL02702
BHALL02702_BHALL02802,BHALL02702,BHALL02802
BHALL02802_BHALL04402,BHALL02802,BHALL04402
BHALL02902_BHALL04302,BHALL02902,BHALL04302
BHALL02902_BREST00502,BHALL02902,BREST00502
BHALL03002_BHALL03302,BHALL03002,BHALL03302
BHALL03002_BREST00502,BHALL03002,BREST00502
BHALL03002_BSTAI00702,BHALL03002,BSTAI00702
BHALL03102_BHALL03302,BHALL03102,BHALL03302
BHALL03102_BSTAI00802,BHALL03102,BSTAI00802
BHALL03202_BREST00402,BHALL03202,BREST00402
BHALL03402_BREST00102,BHALL03402,BREST00102
BHALL03602_BHALL03702,BHALL03602,BHALL03702
BHALL03602_BHALL03802,BHALL03602,BHALL03802
BHALL03802_BSTAI00202,BHALL03802,BSTAI00202
BHALL04102_BHALL04202,BHALL04102,BHALL04202
BHALL04102_WELEV00H02,BHALL04102,WELEV00H02
BHALL04202_BHALL04302,BHALL04202,BHALL04302
BHALL04202_WELEV00H02,BHALL04202,WELEV00H02
BHALL04402_BINFO00102,BHALL04402,BINFO00102
BHALL04402_BINFO00202,BHALL04402,BINFO00202
BHALL04402_WELEV00F02,BHALL04402,WELEV00F02
BINFO00102_BLABS00202,BINFO00102,BLABS00202
BINFO00202_WELEV00F02,BINFO00202,WELEV00F02
BREST00302_BSTAI00902,BREST00302,BSTAI00902
BREST00402_BSTAI00802,BREST00402,BSTAI00802
BSTAI00102_WHALL00402,BSTAI00102,WHALL00402
BSTAI00502_WELEV00G02,BSTAI00502,WELEV00G02
BSTAI00602_WELEV00E02,BSTAI00602,WELEV00E02
BSTAI00702_ESTAI00301,BSTAI00702,ESTAI00301
BSTAI00802_ESTAI00401,BSTAI00802,ESTAI00401
BSTAI00902_WHALL00602,BSTAI00902,WHALL00602
BSTAI01002_WELEV00K02,BSTAI01002,WELEV00K02
CCONF001L1_CHALL015L1,CCONF001L1,CHALL015L1
CCONF002L1_CSERV001L1,CCONF002L1,CSERV001L1
CCONF002L1_WELEV00HL1,CCONF002L1,WELEV00HL1
CCONF003L1_CHALL002L1,CCONF003L1,CHALL002L1
CCONF003L1_CHALL003L1,CCONF003L1,CHALL003L1
CDEPT002L1_CDEPT003L1,CDEPT002L1,CDEPT003L1
CDEPT002L1_CHALL013L1,CDEPT002L1,CHALL013L1
CDEPT003L1_CHALL014L1,CDEPT003L1,CHALL014L1
CDEPT004L1_CHALL002L1,CDEPT004L1,CHALL002L1
CDEPT004L1_CHALL008L1,CDEPT004L1,CHALL008L1
CHALL001L1_CREST001L1,CHALL001L1,CREST001L1
CHALL001L1_WELEV00LL1,CHALL001L1,WELEV00LL1
CHALL001L2_CLABS001L2,CHALL001L2,CLABS001L2
CHALL001L2_WELEV00JL2,CHALL001L2,WELEV00JL2
CHALL002L1_CSERV001L1,CHALL002L1,CSERV001L1
CHALL002L2_CHALL003L2,CHALL002L2,CHALL003L2
CHALL002L2_CREST001L2,CHALL002L2,CREST001L2
CHALL003L1_CLABS004L1,CHALL003L1,CLABS004L1
CHALL003L1_CLABS005L1,CHALL003L1,CLABS005L1
CHALL003L2_CHALL004L2,CHALL003L2,CHALL004L2
CHALL003L2_WELEV00KL2,CHALL003L2,WELEV00KL2
CHALL004L1_CREST004L1,CHALL004L1,CREST004L1
CHALL004L1_WELEV00HL1,CHALL004L1,WELEV00HL1
CHALL004L2_CHALL010L2,CHALL004L2,CHALL010L2
CHALL005L1_CLABS002L1,CHALL005L1,CLABS002L1
CHALL005L1_WELEV00ML1,CHALL005L1,WELEV00ML1
CHALL005L2_CHALL006L2,CHALL005L2,CHALL006L2
CHALL005L2_WELEV00ML2,CHALL005L2,WELEV00ML2
CHALL005L2_WHALL001L2,CHALL005L2,WHALL001L2
CHALL006L1_CHALL007L1,CHALL006L1,CHALL007L1
CHALL006L1_CLABS003L1,CHALL006L1,CLABS003L1
CHALL006L1_CREST002L1,CHALL006L1,CREST002L1
CHALL006L2_CHALL007L2,CHALL006L2,CHALL007L2
CHALL007L1_CHALL008L1,CHALL007L1,CHALL008L1
CHALL007L2_CHALL008L2,CHALL007L2,CHALL008L2
CHALL008L1_WELEV00KL1,CHALL008L1,WELEV00KL1
CHALL008L2_CHALL009L2,CHALL008L2,CHALL009L2
CHALL008L2_WELEV00LL2,CHALL008L2,WELEV00LL2
CHALL009L1_CHALL010L1,CHALL009L1,CHALL010L1
CHALL009L1_CRETL001L1,CHALL009L1,CRETL001L1
CHALL009L1_WELEV00KL1,CHALL009L1,WELEV00KL1
CHALL009L2_CHALL010L2,CHALL009L2,CHALL010L2
CHALL010L1_CREST003L1,CHALL010L1,CREST003L1
CHALL011L1_CHALL015L1,CHALL011L1,CHALL015L1
CHALL011L1_WELEV00JL1,CHALL011L1,WELEV00JL1
CHALL012L1_CHALL013L1,CHALL012L1,CHALL013L1
CHALL012L1_CRETL001L1,CHALL012L1,CRETL001L1
CHALL014L1_WELEV00LL1,CHALL014L1,WELEV00LL1
CHALL015L1_CREST003L1,CHALL015L1,CREST003L1
CLABS001L1_CREST002L1,CLABS001L1,CREST002L1
CLABS001L1_WELEV00ML1,CLABS001L1,WELEV00ML1
CLABS001L2_CREST001L2,CLABS001L2,CREST001L2
CLABS002L1_CREST001L1,CLABS002L1,CREST001L1
CLABS002L2_CSERV001L2,CLABS002L2,CSERV001L2
CLABS002L2_WELEV00KL2,CLABS002L2,WELEV00KL2
CLABS003L1_CLABS004L1,CLABS003L1,CLABS004L1
CLABS005L1_CREST004L1,CLABS005L1,CREST004L1
CREST002L2_CSERV001L2,CREST002L2,CSERV001L2
CREST002L2_WELEV00ML2,CREST002L2,WELEV00ML2
DCONF00102_DHALL01202,DCONF00102,DHALL01202
DDEPT00102_DHALL02702,DDEPT00102,DHALL02702
DDEPT00202_DHALL02702,DDEPT00202,DHALL02702
DDEPT00302_DHALL04002,DDEPT00302,DHALL04002
DDEPT00302_DHALL04102,DDEPT00302,DHALL04102
DDEPT00402_DHALL05902,DDEPT00402,DHALL05902
DDEPT00402_WHALL00202,DDEPT00402,WHALL00202
DELEV00A02_DHALL01502,DELEV00A02,DHALL01502
DELEV00B02_DHALL03102,DELEV00B02,DHALL03102
DELEV00C02_DHALL03802,DELEV00C02,DHALL03802
DELEV00D02_DHALL05702,DELEV00D02,DHALL05702
DEXIT00102_DHALL02702,DEXIT00102,DHALL02702
DHALL00102_DHALL00202,DHALL00102,DHALL00202
DHALL00202_DHALL00302,DHALL00202,DHALL00302
DHALL00302_DHALL00402,DHALL00302,DHALL00402
DHALL00302_DHALL00502,DHALL00302,DHALL00502
DHALL00502_DHALL00602,DHALL00502,DHALL00602
DHALL00602_DHALL00702,DHALL00602,DHALL00702
DHALL00702_DHALL00802,DHALL00702,DHALL00802
DHALL00802_DHALL00902,DHALL00802,DHALL00902
DHALL00902_DHALL01002,DHALL00902,DHALL01002
DHALL00902_DSTAI00102,DHALL00902,DSTAI00102
DHALL01002_DHALL01102,DHALL01002,DHALL01102
DHALL01102_DHALL01202,DHALL01102,DHALL01202
DHALL01202_DHALL01302,DHALL01202,DHALL01302
DHALL01202_DHALL01602,DHALL01202,DHALL01602
DHALL01302_DHALL01402,DHALL01302,DHALL01402
DHALL01402_DHALL01502,DHALL01402,DHALL01502
DHALL01602_DHALL01702,DHALL01602,DHALL01702
DHALL01702_DHALL01802,DHALL01702,DHALL01802
DHALL01702_DHALL01902,DHALL01702,DHALL01902
DHALL01902_DHALL02602,DHALL01902,DHALL02602
DHALL01902_DHALL06002,DHALL01902,DHALL06002
DHALL02002_DHALL02102,DHALL02002,DHALL02102
DHALL02002_DHALL06002,DHALL02002,DHALL06002
DHALL02102_DHALL02202,DHALL02102,DHALL02202
DHALL02202_DHALL02302,DHALL02202,DHALL02302
DHALL02202_DRETL00102,DHALL02202,DRETL00102
DHALL02302_DHALL02402,DHALL02302,DHALL02402
DHALL02302_DSTAI00302,DHALL02302,DSTAI00302
DHALL02402_DHALL02502,DHALL02402,DHALL02502
DHALL02602_DHALL02702,DHALL02602,DHALL02702
DHALL02602_DHALL02802,DHALL02602,DHALL02802
DHALL02602_PHALL00102,DHALL02602,PHALL00102
DHALL02802_DHALL02902,DHALL02802,DHALL02902
DHALL02802_DINFO00102,DHALL02802,DINFO00102
DHALL02902_DHALL03002,DHALL02902,DHALL03002
DHALL02902_DSTAI00402,DHALL02902,DSTAI00402
DHALL03002_DHALL03102,DHALL03002,DHALL03102
DHALL03002_DHALL03202,DHALL03002,DHALL03202
DHALL03102_DREST00102,DHALL03102,DREST00102
DHALL03202_DHALL03302,DHALL03202,DHALL03302
DHALL03202_DHALL03402,DHALL03202,DHALL03402
DHALL03302_DSTAI00502,DHALL03302,DSTAI00502
DHALL03402_DHALL03502,DHALL03402,DHALL03502
DHALL03402_DHALL04002,DHALL03402,DHALL04002
DHALL03402_DHALL04302,DHALL03402,DHALL04302
DHALL03502_DHALL03602,DHALL03502,DHALL03602
DHALL03602_DHALL03702,DHALL03602,DHALL03702
DHALL03702_DHALL03802,DHALL03702,DHALL03802
DHALL03702_DSTAI00602,DHALL03702,DSTAI00602
DHALL03802_DHALL03902,DHALL03802,DHALL03902
DHALL04002_DREST00202,DHALL04002,DREST00202
DHALL04102_DHALL04202,DHALL04102,DHALL04202
DHALL04102_DSTAI00702,DHALL04102,DSTAI00702
DHALL04302_DHALL04402,DHALL04302,DHALL04402
DHALL04302_DHALL04602,DHALL04302,DHALL04602
DHALL04402_DHALL04502,DHALL04402,DHALL04502
DHALL04602_DHALL04702,DHALL04602,DHALL04702
DHALL04602_DLABS00102,DHALL04602,DLABS00102
DHALL04702_DHALL04802,DHALL04702,DHALL04802
DHALL04802_DHALL04902,DHALL04802,DHALL04902
DHALL04802_DHALL05002,DHALL04802,DHALL05002
DHALL05002_DHALL05102,DHALL05002,DHALL05102
DHALL05002_DREST00302,DHALL05002,DREST00302
DHALL05102_DHALL05202,DHALL05102,DHALL05202
DHALL05102_DHALL05302,DHALL05102,DHALL05302
DHALL05202_DSTAI00802,DHALL05202,DSTAI00802
DHALL05302_DHALL05402,DHALL05302,DHALL05402
DHALL05302_DREST00402,DHALL05302,DREST00402
DHALL05402_DHALL05502,DHALL05402,DHALL05502
DHALL05402_DINFO00202,DHALL05402,DINFO00202
DHALL05502_DHALL05602,DHALL05502,DHALL05602
DHALL05502_DHALL05902,DHALL05502,DHALL05902
DHALL05602_DHALL05702,DHALL05602,DHALL05702
DHALL05702_DHALL05802,DHALL05702,DHALL05802
DHALL06002_DSTAI00202,DHALL06002,DSTAI00202
EDEPT00101_EHALL00701,EDEPT00101,EHALL00701
EDEPT00201_EDEPT00301,EDEPT00201,EDEPT00301
EDEPT00201_EHALL01901,EDEPT00201,EHALL01901
EDEPT00301_EHALL02101,EDEPT00301,EHALL02101
EDEPT00401_EHALL03101,EDEPT00401,EHALL03101
EDEPT00401_EHALL03201,EDEPT00401,EHALL03201
EDEPT00401_ELABS00201,EDEPT00401,ELABS00201
EEXIT00101_ESTAI00201,EEXIT00101,ESTAI00201
EEXIT00201_EREST00101,EEXIT00201,EREST00101
EHALL00301_EHALL00401,EHALL00301,EHALL00401
EHALL00301_ESTAI00101,EHALL00301,ESTAI00101
EHALL00301_WELEV00K01,EHALL00301,WELEV00K01
EHALL00401_EHALL00501,EHALL00401,EHALL00501
EHALL00401_ESTAI00201,EHALL00401,ESTAI00201
EHALL00501_EHALL00601,EHALL00501,EHALL00601
EHALL00601_EHALL00701,EHALL00601,EHALL00701
EHALL00601_EHALL00801,EHALL00601,EHALL00801
EHALL00701_WELEV00J01,EHALL00701,WELEV00J01
EHALL00801_EHALL00901,EHALL00801,EHALL00901
EHALL00801_EINFO00101,EHALL00801,EINFO00101
EHALL00901_EHALL01001,EHALL00901,EHALL01001
EHALL00901_EHALL01101,EHALL00901,EHALL01101
EHALL01101_EHALL01201,EHALL01101,EHALL01201
EHALL01101_EHALL01501,EHALL01101,EHALL01501
EHALL01201_EHALL01301,EHALL01201,EHALL01301
EHALL01301_EHALL01401,EHALL01301,EHALL01401
EHALL01401_EHALL02401,EHALL01401,EHALL02401
EHALL01501_EHALL01601,EHALL01501,EHALL01601
EHALL01601_EHALL01701,EHALL01601,EHALL01701
EHALL01601_EHALL01801,EHALL01601,EHALL01801
EHALL01801_EHALL02501,EHALL01801,EHALL02501
EHALL01801_WELEV00G01,EHALL01801,WELEV00G01
EHALL01901_EHALL02001,EHALL01901,EHALL02001
EHALL01901_WELEV00G01,EHALL01901,WELEV00G01
EHALL02001_ELABS00101,EHALL02001,ELABS00101
EHALL02001_EREST00101,EHALL02001,EREST00101
EHALL02101_EHALL02201,EHALL02101,EHALL02201
EHALL02201_EHALL02301,EHALL02201,EHALL02301
EHALL02201_WELEV00E01,EHALL02201,WELEV00E01
EHALL02401_EHALL02501,EHALL02401,EHALL02501
EHALL02401_EHALL02901,EHALL02401,EHALL02901
EHALL02501_EHALL02801,EHALL02501,EHALL02801
EHALL02501_EREST00201,EHALL02501,EREST00201
EHALL02601_EHALL02701,EHALL02601,EHALL02701
EHALL02601_WELEV00F01,EHALL02601,WELEV00F01
EHALL02901_EHALL03001,EHALL02901,EHALL03001
EHALL02901_WELEV00H01,EHALL02901,WELEV00H01
EHALL03001_ESTAI00301,EHALL03001,ESTAI00301
EHALL03101_EHALL03401,EHALL03101,EHALL03401
EHALL03101_EHALL03501,EHALL03101,EHALL03501
EHALL03201_EHALL03301,EHALL03201,EHALL03301
EHALL03301_ESTAI00401,EHALL03301,ESTAI00401
EHALL03501_EHALL03601,EHALL03501,EHALL03601
ELABS00201_EREST00301,ELABS00201,EREST00301
EREST00201_WELEV00F01,EREST00201,WELEV00F01
EREST00301_ESTAI00301,EREST00301,ESTAI00301
ESTAI00101_WHALL00201,ESTAI00101,WHALL00201
FDEPT00101_FHALL01301,FDEPT00101,FHALL01301
FDEPT00201_FHALL02001,FDEPT00201,FHALL02001
FDEPT00301_FHALL01701,FDEPT00301,FHALL01701
FDEPT00401_FHALL02101,FDEPT00401,FHALL02101
FDEPT00501_FEXIT00301,FDEPT00501,FEXIT00301
FDEPT00501_FHALL03301,FDEPT00501,FHALL03301
FDEPT00601_FHALL03201,FDEPT00601,FHALL03201
FEXIT00101_FHALL00301,FEXIT00101,FHALL00301
FEXIT00201_FHALL02801,FEXIT00201,FHALL02801
FHALL00101_FHALL00201,FHALL00101,FHALL00201
FHALL00101_WHALL00101,FHALL00101,WHALL00101
FHALL00201_FHALL00301,FHALL00201,FHALL00301
FHALL00201_FHALL03101,FHALL00201,FHALL03101
FHALL00201_FSTAI00101,FHALL00201,FSTAI00101
FHALL00301_FHALL00401,FHALL00301,FHALL00401
FHALL00401_FHALL00501,FHALL00401,FHALL00501
FHALL00401_FRETL00101,FHALL00401,FRETL00101
FHALL00501_FHALL00601,FHALL00501,FHALL00601
FHALL00501_FSERV00101,FHALL00501,FSERV00101
FHALL00601_WELEV00L01,FHALL00601,WELEV00L01
FHALL00701_FHALL00801,FHALL00701,FHALL00801
FHALL00701_FHALL01801,FHALL00701,FHALL01801
FHALL00701_WELEV00L01,FHALL00701,WELEV00L01
FHALL00801_FHALL00901,FHALL00801,FHALL00901
FHALL00901_FHALL01101,FHALL00901,FHALL01101
FHALL00901_FHALL01301,FHALL00901,FHALL01301
FHALL01001_FHALL01301,FHALL01001,FHALL01301
FHALL01001_FSTAI00201,FHALL01001,FSTAI00201
FHALL01101_FHALL01201,FHALL01101,FHALL01201
FHALL01101_FHALL01401,FHALL01101,FHALL01401
FHALL01401_FHALL01501,FHALL01401,FHALL01501
FHALL01401_FSERV00201,FHALL01401,FSERV00201
FHALL01501_FHALL01601,FHALL01501,FHALL01601
FHALL01601_FHALL01901,FHALL01601,FHALL01901
FHALL01601_FHALL03201,FHALL01601,FHALL03201
FHALL01701_FHALL01801,FHALL01701,FHALL01801
FHALL01701_FSERV00401,FHALL01701,FSERV00401
FHALL01801_FHALL03201,FHALL01801,FHALL03201
FHALL01901_FHALL02001,FHALL01901,FHALL02001
FHALL01901_FHALL02101,FHALL01901,FHALL02101
FHALL02001_FSERV00301,FHALL02001,FSERV00301
FHALL02101_FHALL02201,FHALL02101,FHALL02201
FHALL02201_FHALL02801,FHALL02201,FHALL02801
FHALL02201_WELEV00M01,FHALL02201,WELEV00M01
FHALL02301_FHALL02401,FHALL02301,FHALL02401
FHALL02301_FLABS00101,FHALL02301,FLABS00101
FHALL02301_WELEV00M01,FHALL02301,WELEV00M01
FHALL02401_FHALL02501,FHALL02401,FHALL02501
FHALL02501_FHALL02601,FHALL02501,FHALL02601
FHALL02501_FSTAI00301,FHALL02501,FSTAI00301
FHALL02601_FHALL02701,FHALL02601,FHALL02701
FHALL02601_FHALL03101,FHALL02601,FHALL03101
FHALL02701_FHALL03301,FHALL02701,FHALL03301
FHALL02801_FHALL02901,FHALL02801,FHALL02901
FHALL02901_FINFO00101,FHALL02901,FINFO00101
FHALL02901_FSERV00501,FHALL02901,FSERV00501
FHALL03001_FRETL00201,FHALL03001,FRETL00201
FHALL03001_FSERV00501,FHALL03001,FSERV00501
FHALL03101_FREST00101,FHALL03101,FREST00101
FSTAI00101_HSTAI00102,FSTAI00101,HSTAI00102
GCONF02001_GDEPT01901,GCONF02001,GDEPT01901
GDEPT00403_GELEV00Q03,GDEPT00403,GELEV00Q03
GDEPT00403_GHALL00303,GDEPT00403,GHALL00303
GDEPT00403_GHALL01003,GDEPT00403,GHALL01003
GDEPT00702_GHALL00502,GDEPT00702,GHALL00502
GDEPT00702_GHALL01002,GDEPT00702,GHALL01002
GDEPT00702_GHALL01102,GDEPT00702,GHALL01102
GDEPT01403_GELEV00N03,GDEPT01403,GELEV00N03
GDEPT01403_GHALL01303,GDEPT01403,GHALL01303
GDEPT01403_GSERV01603,GDEPT01403,GSERV01603
GDEPT01901_GELEV00Q01,GDEPT01901,GELEV00Q01
GDEPT02402_GELEV00N02,GDEPT02402,GELEV00N02
GDEPT02402_GHALL01702,GDEPT02402,GHALL01702
GDEPT02402_GHALL03002,GDEPT02402,GHALL03002
GDEPT03502_GHALL03002,GDEPT03502,GHALL03002
GDEPT03502_GHALL03602,GDEPT03502,GHALL03602
GELEV00N01_GELEV00N02,GELEV00N01,GELEV00N02
GELEV00N01_GELEV00N03,GELEV00N01,GELEV00N03
GELEV00N01_GHALL02401,GELEV00N01,GHALL02401
GELEV00N02_GELEV00N03,GELEV00N02,GELEV00N03
GELEV00N02_GSTAI02602,GELEV00N02,GSTAI02602
GELEV00Q01_GELEV00Q02,GELEV00Q01,GELEV00Q02
GELEV00Q01_GELEV00Q03,GELEV00Q01,GELEV00Q03
GELEV00Q01_GELEV00QL1,GELEV00Q01,GELEV00QL1
GELEV00Q01_GELEV00QL2,GELEV00Q01,GELEV00QL2
GELEV00Q01_GHALL01701,GELEV00Q01,GHALL01701
GELEV00Q02_GELEV00Q03,GELEV00Q02,GELEV00Q03
GELEV00Q02_GELEV00QL1,GELEV00Q02,GELEV00QL1
GELEV00Q02_GELEV00QL2,GELEV00Q02,GELEV00QL2
GELEV00Q02_GREST03102,GELEV00Q02,GREST03102
GELEV00Q03_GELEV00QL1,GELEV00Q03,GELEV00QL1
GELEV00Q03_GELEV00QL2,GELEV00Q03,GELEV00QL2
GELEV00Q03_GHALL00603,GELEV00Q03,GHALL00603
GELEV00QL1_GELEV00QL2,GELEV00QL1,GELEV00QL2
GELEV00QL1_GHALL006L1,GELEV00QL1,GHALL006L1
GELEV00QL2_GHALL005L2,GELEV00QL2,GHALL005L2
GELEV00QL2_GHALL007L2,GELEV00QL2,GHALL007L2
GEXIT00101_GHALL00201,GEXIT00101,GHALL00201
GEXIT00101_GSTAI01301,GEXIT00101,GSTAI01301
GEXIT001L1_GHALL002L1,GEXIT001L1,GHALL002L1
GHALL00102_GHALL00202,GHALL00102,GHALL00202
GHALL00102_GHALL00302,GHALL00102,GHALL00302
GHALL00103_GHALL00203,GHALL00103,GHALL00203
GHALL001L2_GLABS003L2,GHALL001L2,GLABS003L2
GHALL001L2_WHALL002L2,GHALL001L2,WHALL002L2
GHALL00201_GHALL00301,GHALL00201,GHALL00301
GHALL00202_GHALL00402,GHALL00202,GHALL00402
GHALL00203_GHALL00303,GHALL00203,GHALL00303
GHALL002L1_GHALL003L1,GHALL002L1,GHALL003L1
GHALL00301_GHALL02101,GHALL00301,GHALL02101
GHALL00302_GHALL00402,GHALL00302,GHALL00402
GHALL00302_GHALL00502,GHALL00302,GHALL00502
GHALL003L1_GHALL004L1,GHALL003L1,GHALL004L1
GHALL003L1_GHALL005L1,GHALL003L1,GHALL005L1
GHALL00402_GREST00602,GHALL00402,GREST00602
GHALL00502_GREST00602,GHALL00502,GREST00602
GHALL005L1_GHALL006L1,GHALL005L1,GHALL006L1
GHALL005L1_GSTAI008L1,GHALL005L1,GSTAI008L1
GHALL005L2_GREST004L2,GHALL005L2,GREST004L2
GHALL00601_GHALL00701,GHALL00601,GHALL00701
GHALL00601_GREST01201,GHALL00601,GREST01201
GHALL00601_GSTAI00501,GHALL00601,GSTAI00501
GHALL00601_GSTAI01301,GHALL00601,GSTAI01301
GHALL00603_GHALL00703,GHALL00603,GHALL00703
GHALL00603_GHALL00803,GHALL00603,GHALL00803
GHALL00701_GHALL00801,GHALL00701,GHALL00801
GHALL00701_GHALL01701,GHALL00701,GHALL01701
GHALL007L2_GHALL008L2,GHALL007L2,GHALL008L2
GHALL007L2_GHALL009L2,GHALL007L2,GHALL009L2
GHALL00801_GHALL00901,GHALL00801,GHALL00901
GHALL00801_GHALL01401,GHALL00801,GHALL01401
GHALL00803_GSTAI00903,GHALL00803,GSTAI00903
GHALL00901_GHALL01001,GHALL00901,GHALL01001
GHALL009L2_GHALL010L2,GHALL009L2,GHALL010L2
GHALL01002_GHALL01202,GHALL01002,GHALL01202
GHALL01002_GREST00602,GHALL01002,GREST00602
GHALL01003_GHALL01103,GHALL01003,GHALL01103
GHALL01003_GHALL01303,GHALL01003,GHALL01303
GHALL010L2_GHALL011L2,GHALL010L2,GHALL011L2
GHALL01102_GHALL01202,GHALL01102,GHALL01202
GHALL01102_GHALL01302,GHALL01102,GHALL01302
GHALL01103_GREST01203,GHALL01103,GREST01203
GHALL011L2_GHALL012L2,GHALL011L2,GHALL012L2
GHALL01202_GHALL01402,GHALL01202,GHALL01402
GHALL012L2_GHALL013L2,GHALL012L2,GHALL013L2
GHALL01302_GHALL01402,GHALL01302,GHALL01402
GHALL01302_GHALL01502,GHALL01302,GHALL01502
GHALL013L2_GLABS014L2,GHALL013L2,GLABS014L2
GHALL01401_GHALL01501,GHALL01401,GHALL01501
GHALL01402_GHALL01602,GHALL01402,GHALL01602
GHALL01501_GHALL01601,GHALL01501,GHALL01601
GHALL01502_GHALL01602,GHALL01502,GHALL01602
GHALL01602_GHALL01702,GHALL01602,GHALL01702
GHALL016L2_GHALL017L2,GHALL016L2,GHALL017L2
GHALL016L2_GLABS015L2,GHALL016L2,GLABS015L2
GHALL01702_GINFO01902,GHALL01702,GINFO01902
GHALL01802_GHALL02002,GHALL01802,GHALL02002
GHALL01802_GINFO01902,GHALL01802,GINFO01902
GHALL02002_GHALL02102,GHALL02002,GHALL02102
GHALL02002_GHALL02202,GHALL02002,GHALL02202
GHALL02101_GHALL02201,GHALL02101,GHALL02201
GHALL02101_GHALL02801,GHALL02101,GHALL02801
GHALL02102_GHALL02302,GHALL02102,GHALL02302
GHALL02102_GINFO01902,GHALL02102,GINFO01902
GHALL02201_GSERV02301,GHALL02201,GSERV02301
GHALL02202_GHALL02302,GHALL02202,GHALL02302
GHALL02202_WHALL00802,GHALL02202,WHALL00802
GHALL02302_GHALL02702,GHALL02302,GHALL02702
GHALL02401_GSERV02301,GHALL02401,GSERV02301
GHALL02702_GHALL02902,GHALL02702,GHALL02902
GHALL02702_GSTAI02602,GHALL02702,GSTAI02602
GHALL02702_a9ef761c-d610-4feb-8f5e-6bacb72cdb28,GHALL02702,a9ef761c-d610-4feb-8f5e-6bacb72cdb28
GHALL02801_GHALL02901,GHALL02801,GHALL02901
GHALL02901_GHALL03001,GHALL02901,GHALL03001
GHALL02902_GHALL03402,GHALL02902,GHALL03402
GHALL02902_GSTAI02802,GHALL02902,GSTAI02802
GHALL03001_GHALL03101,GHALL03001,GHALL03101
GHALL03001_GHALL03301,GHALL03001,GHALL03301
GHALL03002_GREST03102,GHALL03002,GREST03102
GHALL03202_GHALL03302,GHALL03202,GHALL03302
GHALL03202_GREST03102,GHALL03202,GREST03102
GHALL03202_GSTAI02802,GHALL03202,GSTAI02802
GHALL03301_GHALL03401,GHALL03301,GHALL03401
GHALL03302_GHALL03402,GHALL03302,GHALL03402
GHALL03302_GHALL03702,GHALL03302,GHALL03702
GHALL03401_GRETL03501,GHALL03401,GRETL03501
GHALL03402_GHALL03802,GHALL03402,GHALL03802
GHALL03602_GHALL03702,GHALL03602,GHALL03702
GHALL03702_GHALL03802,GHALL03702,GHALL03802
GHALL03702_WHALL00902,GHALL03702,WHALL00902
GLABS003L2_GREST004L2,GLABS003L2,GREST004L2
GLABS014L2_GLABS015L2,GLABS014L2,GLABS015L2
GSTAI00501_GSTAI02802,GSTAI00501,GSTAI02802
GSTAI008L1_GSTAI01301,GSTAI008L1,GSTAI01301
GSTAI00903_GSTAI02602,GSTAI00903,GSTAI02602
HBATH00102_HRETL00202,HBATH00102,HRETL00202
HBATH00103_HHALL01003,HBATH00103,HHALL01003
HBATH00203_HHALL01503,HBATH00203,HHALL01503
HDEPT00102_HHALL01002,HDEPT00102,HHALL01002
HDEPT00103_HHALL00703,HDEPT00103,HHALL00703
HDEPT00203_HHALL01103,HDEPT00203,HHALL01103
HHALL00102_HHALL00202,HHALL00102,HHALL00202
HHALL00102_HHALL00402,HHALL00102,HHALL00402
HHALL00102_WELEV00L02,HHALL00102,WELEV00L02
HHALL00103_HHALL00303,HHALL00103,HHALL00303
HHALL00202_HHALL00302,HHALL00202,HHALL00302
HHALL00202_HRETL00102,HHALL00202,HRETL00102
HHALL00203_HHALL00303,HHALL00203,HHALL00303
HHALL00203_HLABS00103,HHALL00203,HLABS00103
HHALL00302_HSTAI00102,HHALL00302,HSTAI00102
HHALL00302_WHALL00302,HHALL00302,WHALL00302
HHALL00303_HHALL00403,HHALL00303,HHALL00403
HHALL00402_HHALL00502,HHALL00402,HHALL00502
HHALL00403_HHALL00503,HHALL00403,HHALL00503
HHALL00502_HHALL00602,HHALL00502,HHALL00602
HHALL00502_HRETL00202,HHALL00502,HRETL00202
HHALL00502_HRETL00302,HHALL00502,HRETL00302
HHALL00503_HSTAI00103,HHALL00503,HSTAI00103
HHALL00503_WELEV00M03,HHALL00503,WELEV00M03
HHALL00602_HHALL00702,HHALL00602,HHALL00702
HHALL00603_HHALL00703,HHALL00603,HHALL00703
HHALL00603_HHALL01503,HHALL00603,HHALL01503
HHALL00603_WELEV00L03,HHALL00603,WELEV00L03
HHALL00702_HHALL00802,HHALL00702,HHALL00802
HHALL00702_HSTAI00202,HHALL00702,HSTAI00202
HHALL00703_HHALL00803,HHALL00703,HHALL00803
HHALL00802_HHALL00902,HHALL00802,HHALL00902
HHALL00802_HSTAI00302,HHALL00802,HSTAI00302
HHALL00803_HHALL00903,HHALL00803,HHALL00903
HHALL00803_HSERV00103,HHALL00803,HSERV00103
HHALL00902_WELEV00M02,HHALL00902,WELEV00M02
HHALL00902_WHALL00702,HHALL00902,WHALL00702
HHALL00903_HHALL01003,HHALL00903,HHALL01003
HHALL00903_HHALL01103,HHALL00903,HHALL01103
HHALL01002_WELEV00M02,HHALL01002,WELEV00M02
HHALL01002_WHALL00502,HHALL01002,WHALL00502
HHALL01103_HHALL01203,HHALL01103,HHALL01203
HHALL01203_HHALL01303,HHALL01203,HHALL01303
HHALL01303_HHALL01403,HHALL01303,HHALL01403
HHALL01403_HHALL01503,HHALL01403,HHALL01503
IDEPT00103_IHALL00203,IDEPT00103,IHALL00203
IDEPT00203_IHALL00303,IDEPT00203,IHALL00303
IDEPT00303_IHALL00503,IDEPT00303,IHALL00503
IDEPT00403_IHALL00703,IDEPT00403,IHALL00703
IDEPT00503_IHALL01003,IDEPT00503,IHALL01003
IDEPT00603_IHALL02203,IDEPT00603,IHALL02203
IDEPT00703_IHALL02203,IDEPT00703,IHALL02203
IDEPT00803_IHALL01903,IDEPT00803,IHALL01903
IDEPT00903_IHALL02003,IDEPT00903,IHALL02003
IHALL00103_IHALL00203,IHALL00103,IHALL00203
IHALL00103_IREST00103,IHALL00103,IREST00103
IHALL00103_WHALL00203,IHALL00103,WHALL00203
IHALL00203_IHALL00303,IHALL00203,IHALL00303
IHALL00203_IHALL01303,IHALL00203,IHALL01303
IHALL00303_IHALL00403,IHALL00303,IHALL00403
IHALL00403_IHALL00503,IHALL00403,IHALL00503
IHALL00403_IREST00203,IHALL00403,IREST00203
IHALL00503_IHALL00603,IHALL00503,IHALL00603
IHALL00603_IHALL00703,IHALL00603,IHALL00703
IHALL00703_IHALL00803,IHALL00703,IHALL00803
IHALL00803_IHALL01003,IHALL00803,IHALL01003
IHALL00803_IREST00303,IHALL00803,IREST00303
IHALL00903_IHALL01003,IHALL00903,IHALL01003
IHALL01003_IHALL01103,IHALL01003,IHALL01103
IHALL01003_WELEV00H03,IHALL01003,WELEV00H03
IHALL01203_IHALL01303,IHALL01203,IHALL01303
IHALL01203_IHALL01503,IHALL01203,IHALL01503
IHALL01203_WELEV00K03,IHALL01203,WELEV00K03
IHALL01303_IHALL01403,IHALL01303,IHALL01403
IHALL01303_IREST00403,IHALL01303,IREST00403
IHALL01403_IHALL01703,IHALL01403,IHALL01703
IHALL01403_IREST00503,IHALL01403,IREST00503
IHALL01603_IHALL01703,IHALL01603,IHALL01703
IHALL01703_IHALL01803,IHALL01703,IHALL01803
IHALL01803_IHALL01903,IHALL01803,IHALL01903
IHALL01803_WELEV00J03,IHALL01803,WELEV00J03
IHALL01903_IHALL02003,IHALL01903,IHALL02003
IHALL02203_WELEV00J03,IHALL02203,WELEV00J03
WELEV00E01_WELEV00E02,WELEV00E01,WELEV00E02
WELEV00F01_WELEV00F02,WELEV00F01,WELEV00F02
WELEV00G01_WELEV00G02,WELEV00G01,WELEV00G02
WELEV00H01_WELEV00H02,WELEV00H01,WELEV00H02
WELEV00H01_WELEV00H03,WELEV00H01,WELEV00H03
WELEV00H01_WELEV00HL1,WELEV00H01,WELEV00HL1
WELEV00H02_WELEV00H03,WELEV00H02,WELEV00H03
WELEV00H02_WELEV00HL1,WELEV00H02,WELEV00HL1
WELEV00H03_WELEV00HL1,WELEV00H03,WELEV00HL1
WELEV00J01_WELEV00J02,WELEV00J01,WELEV00J02
WELEV00J01_WELEV00J03,WELEV00J01,WELEV00J03
WELEV00J01_WELEV00JL1,WELEV00J01,WELEV00JL1
WELEV00J01_WELEV00JL2,WELEV00J01,WELEV00JL2
WELEV00J02_WELEV00J03,WELEV00J02,WELEV00J03
WELEV00J02_WELEV00JL1,WELEV00J02,WELEV00JL1
WELEV00J02_WELEV00JL2,WELEV00J02,WELEV00JL2
WELEV00J03_WELEV00JL1,WELEV00J03,WELEV00JL1
WELEV00J03_WELEV00JL2,WELEV00J03,WELEV00JL2
WELEV00JL1_WELEV00JL2,WELEV00JL1,WELEV00JL2
WELEV00K01_WELEV00K02,WELEV00K01,WELEV00K02
WELEV00K01_WELEV00K03,WELEV00K01,WELEV00K03
WELEV00K01_WELEV00KL1,WELEV00K01,WELEV00KL1
WELEV00K01_WELEV00KL2,WELEV00K01,WELEV00KL2
WELEV00K02_WELEV00K03,WELEV00K02,WELEV00K03
WELEV00K02_WELEV00KL1,WELEV00K02,WELEV00KL1
WELEV00K02_WELEV00KL2,WELEV00K02,WELEV00KL2
WELEV00K03_WELEV00KL1,WELEV00K03,WELEV00KL1
WELEV00K03_WELEV00KL2,WELEV00K03,WELEV00KL2
WELEV00KL1_WELEV00KL2,WELEV00KL1,WELEV00KL2
WELEV00L01_WELEV00L02,WELEV00L01,WELEV00L02
WELEV00L01_WELEV00L03,WELEV00L01,WELEV00L03
WELEV00L01_WELEV00LL1,WELEV00L01,WELEV00LL1
WELEV00L01_WELEV00LL2,WELEV00L01,WELEV00LL2
WELEV00L02_WELEV00L03,WELEV00L02,WELEV00L03
WELEV00L02_WELEV00LL1,WELEV00L02,WELEV00LL1
WELEV00L02_WELEV00LL2,WELEV00L02,WELEV00LL2
WELEV00L03_WELEV00LL1,WELEV00L03,WELEV00LL1
WELEV00L03_WELEV00LL2,WELEV00L03,WELEV00LL2
WELEV00LL1_WELEV00LL2,WELEV00LL1,WELEV00LL2
WELEV00M01_WELEV00M02,WELEV00M01,WELEV00M02
WELEV00M01_WELEV00M03,WELEV00M01,WELEV00M03
WELEV00M01_WELEV00ML1,WELEV00M01,WELEV00ML1
WELEV00M01_WELEV00ML2,WELEV00M01,WELEV00ML2
WELEV00M02_WELEV00M03,WELEV00M02,WELEV00M03
WELEV00M02_WELEV00ML1,WELEV00M02,WELEV00ML1
WELEV00M02_WELEV00ML2,WELEV00M02,WELEV00ML2
WELEV00M03_WELEV00ML1,WELEV00M03,WELEV00ML1
WELEV00M03_WELEV00ML2,WELEV00M03,WELEV00ML2
WELEV00M03_WHALL00103,WELEV00M03,WHALL00103
WELEV00ML1_WELEV00ML2,WELEV00ML1,WELEV00ML2
WHALL00101_WHALL00201,WHALL00101,WHALL00201
WHALL00102_WHALL00202,WHALL00102,WHALL00202
WHALL00103_WHALL00203,WHALL00103,WHALL00203
WHALL001L2_WHALL002L2,WHALL001L2,WHALL002L2
WHALL00302_WHALL00402,WHALL00302,WHALL00402
WHALL00502_WHALL00602,WHALL00502,WHALL00602
WHALL00702_WHALL00802,WHALL00702,WHALL00802
WHALL00902_WHALL01002,WHALL00902,WHALL01002
4bc3e310-f5f9-4ffc-be8b-5c41047f32de_a9ef761c-d610-4feb-8f5e-6bacb72cdb28,4bc3e310-f5f9-4ffc-be8b-5c41047f32de,a9ef761c-d610-4feb-8f5e-6bacb72cdb28
fd2b860f-2b57-491a-8d45-7791809c2dd2_f7f2d128-6f40-4c93-89b8-53126e09da13,fd2b860f-2b57-491a-8d45-7791809c2dd2,f7f2d128-6f40-4c93-89b8-53126e09da13
fd2b860f-2b57-491a-8d45-7791809c2dd2_3938ce6f-2d7f-4bcd-911e-383fb22d69c7,fd2b860f-2b57-491a-8d45-7791809c2dd2,3938ce6f-2d7f-4bcd-911e-383fb22d69c7
c205a034-5a0d-4628-a9a9-04421680eda8_7ee71578-461d-43be-acf9-9d9bc757f97f,c205a034-5a0d-4628-a9a9-04421680eda8,7ee71578-461d-43be-acf9-9d9bc757f97f
c205a034-5a0d-4628-a9a9-04421680eda8_17a83a14-6c44-4bf3-9fe1-c05405c4800c,c205a034-5a0d-4628-a9a9-04421680eda8,17a83a14-6c44-4bf3-9fe1-c05405c4800c
f7f2d128-6f40-4c93-89b8-53126e09da13_55ba1c0b-29de-40b6-877f-455c198b4a8d,f7f2d128-6f40-4c93-89b8-53126e09da13,55ba1c0b-29de-40b6-877f-455c198b4a8d
55ba1c0b-29de-40b6-877f-455c198b4a8d_f313ccdd-d298-426e-9762-5165718678cb,55ba1c0b-29de-40b6-877f-455c198b4a8d,f313ccdd-d298-426e-9762-5165718678cb
55ba1c0b-29de-40b6-877f-455c198b4a8d_c5b8a675-0861-4409-ab20-191ed200eb77,55ba1c0b-29de-40b6-877f-455c198b4a8d,c5b8a675-0861-4409-ab20-191ed200eb77
c5b8a675-0861-4409-ab20-191ed200eb77_5642276a-3ab1-4d23-98c4-ca89caa8e64d,c5b8a675-0861-4409-ab20-191ed200eb77,5642276a-3ab1-4d23-98c4-ca89caa8e64d
c78172f7-fb19-418b-b441-e72a6f9a438a_5642276a-3ab1-4d23-98c4-ca89caa8e64d,c78172f7-fb19-418b-b441-e72a6f9a438a,5642276a-3ab1-4d23-98c4-ca89caa8e64d
5642276a-3ab1-4d23-98c4-ca89caa8e64d_7ee71578-461d-43be-acf9-9d9bc757f97f,5642276a-3ab1-4d23-98c4-ca89caa8e64d,7ee71578-461d-43be-acf9-9d9bc757f97f
a76e2dd9-4128-4ace-b3f1-5ac68d76836f_a6d0ae34-0401-4324-a6f4-fc55f3f3f90e,a76e2dd9-4128-4ace-b3f1-5ac68d76836f,a6d0ae34-0401-4324-a6f4-fc55f3f3f90e
17a83a14-6c44-4bf3-9fe1-c05405c4800c_02a403b4-04d7-4e89-a445-cde4abd440f3,17a83a14-6c44-4bf3-9fe1-c05405c4800c,02a403b4-04d7-4e89-a445-cde4abd440f3
17a83a14-6c44-4bf3-9fe1-c05405c4800c_e3cba32d-e5e2-41d5-bbb7-b039861f9cae,17a83a14-6c44-4bf3-9fe1-c05405c4800c,e3cba32d-e5e2-41d5-bbb7-b039861f9cae
a9ef761c-d610-4feb-8f5e-6bacb72cdb28_3938ce6f-2d7f-4bcd-911e-383fb22d69c7,a9ef761c-d610-4feb-8f5e-6bacb72cdb28,3938ce6f-2d7f-4bcd-911e-383fb22d69c7
73f036ed-d494-4ad1-a426-2b14dd28d699_7a1b080d-857c-4927-a541-0f6888d8dfa4,73f036ed-d494-4ad1-a426-2b14dd28d699,7a1b080d-857c-4927-a541-0f6888d8dfa4
e9002a33-b878-4451-918b-0b318cbd07de_8bf0a470-335b-4652-8c35-c0b3a5852907,e9002a33-b878-4451-918b-0b318cbd07de,8bf0a470-335b-4652-8c35-c0b3a5852907
1941b525-5c79-4ee4-a2be-41cebf4a4cf7_da8f10cc-087f-46ba-91d7-e990218a0dd0,1941b525-5c79-4ee4-a2be-41cebf4a4cf7,da8f10cc-087f-46ba-91d7-e990218a0dd0
b8200993-4994-4434-abb7-fa0ea6f6dc55_1b395c1d-9b2e-4550-acd6-631d7e9340d7,b8200993-4994-4434-abb7-fa0ea6f6dc55,1b395c1d-9b2e-4550-acd6-631d7e9340d7
66d72e56-53e6-4dad-b329-20fa38eb731a_20e4573c-6b38-4592-b1a3-8fc9cc7e3d83,66d72e56-53e6-4dad-b329-20fa38eb731a,20e4573c-6b38-4592-b1a3-8fc9cc7e3d83
8bf0a470-335b-4652-8c35-c0b3a5852907_0c8864ae-7567-4f76-9f95-243b72a517f1,8bf0a470-335b-4652-8c35-c0b3a5852907,0c8864ae-7567-4f76-9f95-243b72a517f1
a6d0ae34-0401-4324-a6f4-fc55f3f3f90e_291575cc-0a7b-4529-907f-e6c327d09c00,a6d0ae34-0401-4324-a6f4-fc55f3f3f90e,291575cc-0a7b-4529-907f-e6c327d09c00
5ce08e37-2318-4b2b-9537-de7205898dbc_eb2e5f53-759a-41cf-a94f-84d705a244fc,5ce08e37-2318-4b2b-9537-de7205898dbc,eb2e5f53-759a-41cf-a94f-84d705a244fc
19051895-a525-488e-9288-a5da1670063e_967d0c07-98d6-434f-afb0-c4fa7bed89d3,19051895-a525-488e-9288-a5da1670063e,967d0c07-98d6-434f-afb0-c4fa7bed89d3
06014840-ecab-415a-a06f-6e52931a58fc_b3da7d12-6dd6-4c80-8d73-17fde925d98f,06014840-ecab-415a-a06f-6e52931a58fc,b3da7d12-6dd6-4c80-8d73-17fde925d98f
dbb35092-43a5-49f3-9bc8-1226e5857b07_59338fa8-6d89-4114-9425-5a11c7520edd,dbb35092-43a5-49f3-9bc8-1226e5857b07,59338fa8-6d89-4114-9425-5a11c7520edd
4b3be2f5-3447-47fb-b41a-49f92e1fc039_d7a28376-f0bf-41d7-a5b1-9e2ba645c123,4b3be2f5-3447-47fb-b41a-49f92e1fc039,d7a28376-f0bf-41d7-a5b1-9e2ba645c123
50f362f4-2857-41fb-ac5f-8124925abddf_7476a8c1-0912-4fb2-90db-68a28c1c1721,50f362f4-2857-41fb-ac5f-8124925abddf,7476a8c1-0912-4fb2-90db-68a28c1c1721
9f15d597-4503-4d8f-9de7-2a2fac01c269_ff59eaa2-ba84-45a7-87e0-dae389f9fbfc,9f15d597-4503-4d8f-9de7-2a2fac01c269,ff59eaa2-ba84-45a7-87e0-dae389f9fbfc
5cab2a71-70f8-47a4-a70d-4dba84e93ed4_7aaa93ca-0b61-4ece-a1ba-1a040d2eb8b1,5cab2a71-70f8-47a4-a70d-4dba84e93ed4,7aaa93ca-0b61-4ece-a1ba-1a040d2eb8b1
50f9829a-b45d-43c5-a0e9-fe2523317c37_bfbe87ee-364d-44e7-bd2f-8420b9f633fd,50f9829a-b45d-43c5-a0e9-fe2523317c37,bfbe87ee-364d-44e7-bd2f-8420b9f633fd
8b8605f8-9a04-4cab-9004-204321bf8909_c44b7ff5-64fc-46d4-b9e5-ad7c2a5388e0,8b8605f8-9a04-4cab-9004-204321bf8909,c44b7ff5-64fc-46d4-b9e5-ad7c2a5388e0
7ad1d0ab-65da-4b2b-ad9c-06fd449fe87f_75b7f468-2dcf-43e6-984f-934b6c2cef7d,7ad1d0ab-65da-4b2b-ad9c-06fd449fe87f,75b7f468-2dcf-43e6-984f-934b6c2cef7d
d78a1cf2-9bfa-486a-a872-0f883b8b9c7f_d2d2f639-f045-4411-b093-a80afa086be1,d78a1cf2-9bfa-486a-a872-0f883b8b9c7f,d2d2f639-f045-4411-b093-a80afa086be1
53d46295-7dc3-45fd-bf27-6a717b14663f_1a339e61-855d-42c4-9dee-52cd3727bef5,53d46295-7dc3-45fd-bf27-6a717b14663f,1a339e61-855d-42c4-9dee-52cd3727bef5
02a403b4-04d7-4e89-a445-cde4abd440f3_376ac41a-f0cd-4b97-855d-42974c80d03d,02a403b4-04d7-4e89-a445-cde4abd440f3,376ac41a-f0cd-4b97-855d-42974c80d03d
02a403b4-04d7-4e89-a445-cde4abd440f3_683c8129-fc9b-4d47-bedd-a6e90a0f7b72,02a403b4-04d7-4e89-a445-cde4abd440f3,683c8129-fc9b-4d47-bedd-a6e90a0f7b72
02a403b4-04d7-4e89-a445-cde4abd440f3_43351f4f-5758-4321-b896-5e3de45a5843,02a403b4-04d7-4e89-a445-cde4abd440f3,43351f4f-5758-4321-b896-5e3de45a5843
376ac41a-f0cd-4b97-855d-42974c80d03d_1a339e61-855d-42c4-9dee-52cd3727bef5,376ac41a-f0cd-4b97-855d-42974c80d03d,1a339e61-855d-42c4-9dee-52cd3727bef5
376ac41a-f0cd-4b97-855d-42974c80d03d_008f3f02-a5c1-48be-9b51-84c18e43a901,376ac41a-f0cd-4b97-855d-42974c80d03d,008f3f02-a5c1-48be-9b51-84c18e43a901
1a339e61-855d-42c4-9dee-52cd3727bef5_4ac8b347-9195-4040-be0c-394bfae74390,1a339e61-855d-42c4-9dee-52cd3727bef5,4ac8b347-9195-4040-be0c-394bfae74390
1a339e61-855d-42c4-9dee-52cd3727bef5_a6523874-04ca-4717-afba-43aef335a2b5,1a339e61-855d-42c4-9dee-52cd3727bef5,a6523874-04ca-4717-afba-43aef335a2b5
4ac8b347-9195-4040-be0c-394bfae74390_d2d2f639-f045-4411-b093-a80afa086be1,4ac8b347-9195-4040-be0c-394bfae74390,d2d2f639-f045-4411-b093-a80afa086be1
d2d2f639-f045-4411-b093-a80afa086be1_75b7f468-2dcf-43e6-984f-934b6c2cef7d,d2d2f639-f045-4411-b093-a80afa086be1,75b7f468-2dcf-43e6-984f-934b6c2cef7d
75b7f468-2dcf-43e6-984f-934b6c2cef7d_c44b7ff5-64fc-46d4-b9e5-ad7c2a5388e0,75b7f468-2dcf-43e6-984f-934b6c2cef7d,c44b7ff5-64fc-46d4-b9e5-ad7c2a5388e0
c44b7ff5-64fc-46d4-b9e5-ad7c2a5388e0_60f7d2b3-dd94-4637-be07-5e4e3994d070,c44b7ff5-64fc-46d4-b9e5-ad7c2a5388e0,60f7d2b3-dd94-4637-be07-5e4e3994d070
504e6b92-baab-46d4-8456-bad21fae9857_967d0c07-98d6-434f-afb0-c4fa7bed89d3,504e6b92-baab-46d4-8456-bad21fae9857,967d0c07-98d6-434f-afb0-c4fa7bed89d3
504e6b92-baab-46d4-8456-bad21fae9857_7476a8c1-0912-4fb2-90db-68a28c1c1721,504e6b92-baab-46d4-8456-bad21fae9857,7476a8c1-0912-4fb2-90db-68a28c1c1721
504e6b92-baab-46d4-8456-bad21fae9857_7aee689d-e32f-4184-9e39-7cce5bc86d41,504e6b92-baab-46d4-8456-bad21fae9857,7aee689d-e32f-4184-9e39-7cce5bc86d41
504e6b92-baab-46d4-8456-bad21fae9857_d1a415b6-a863-4ad7-a49f-43d040a2dfb1,504e6b92-baab-46d4-8456-bad21fae9857,d1a415b6-a863-4ad7-a49f-43d040a2dfb1
fc50a624-b8c2-4ffe-b8d1-60b47a48b2ff_eb2e5f53-759a-41cf-a94f-84d705a244fc,fc50a624-b8c2-4ffe-b8d1-60b47a48b2ff,eb2e5f53-759a-41cf-a94f-84d705a244fc
fc50a624-b8c2-4ffe-b8d1-60b47a48b2ff_0c8864ae-7567-4f76-9f95-243b72a517f1,fc50a624-b8c2-4ffe-b8d1-60b47a48b2ff,0c8864ae-7567-4f76-9f95-243b72a517f1
fc50a624-b8c2-4ffe-b8d1-60b47a48b2ff_60f7d2b3-dd94-4637-be07-5e4e3994d070,fc50a624-b8c2-4ffe-b8d1-60b47a48b2ff,60f7d2b3-dd94-4637-be07-5e4e3994d070
6f59c479-d61f-4f61-8769-3c5647301989_da8f10cc-087f-46ba-91d7-e990218a0dd0,6f59c479-d61f-4f61-8769-3c5647301989,da8f10cc-087f-46ba-91d7-e990218a0dd0
6f59c479-d61f-4f61-8769-3c5647301989_b3a307b1-ea4a-4682-8d7b-310855ee4c51,6f59c479-d61f-4f61-8769-3c5647301989,b3a307b1-ea4a-4682-8d7b-310855ee4c51
6f59c479-d61f-4f61-8769-3c5647301989_0c8864ae-7567-4f76-9f95-243b72a517f1,6f59c479-d61f-4f61-8769-3c5647301989,0c8864ae-7567-4f76-9f95-243b72a517f1
f3930ae3-21d6-4821-8117-891980e31b64_1b395c1d-9b2e-4550-acd6-631d7e9340d7,f3930ae3-21d6-4821-8117-891980e31b64,1b395c1d-9b2e-4550-acd6-631d7e9340d7
f3930ae3-21d6-4821-8117-891980e31b64_9e400d0c-af6d-447e-b60f-ebb8605ae6d9,f3930ae3-21d6-4821-8117-891980e31b64,9e400d0c-af6d-447e-b60f-ebb8605ae6d9
f3930ae3-21d6-4821-8117-891980e31b64_7aee689d-e32f-4184-9e39-7cce5bc86d41,f3930ae3-21d6-4821-8117-891980e31b64,7aee689d-e32f-4184-9e39-7cce5bc86d41
b3a307b1-ea4a-4682-8d7b-310855ee4c51_291575cc-0a7b-4529-907f-e6c327d09c00,b3a307b1-ea4a-4682-8d7b-310855ee4c51,291575cc-0a7b-4529-907f-e6c327d09c00
b3a307b1-ea4a-4682-8d7b-310855ee4c51_06cf2aef-4e38-4ceb-b15c-2c549429336d,b3a307b1-ea4a-4682-8d7b-310855ee4c51,06cf2aef-4e38-4ceb-b15c-2c549429336d
291575cc-0a7b-4529-907f-e6c327d09c00_7f0f62ad-5c19-42b5-aac3-18811f308eb1,291575cc-0a7b-4529-907f-e6c327d09c00,7f0f62ad-5c19-42b5-aac3-18811f308eb1
59338fa8-6d89-4114-9425-5a11c7520edd_9e400d0c-af6d-447e-b60f-ebb8605ae6d9,59338fa8-6d89-4114-9425-5a11c7520edd,9e400d0c-af6d-447e-b60f-ebb8605ae6d9
59338fa8-6d89-4114-9425-5a11c7520edd_901fdac0-61b0-40b1-a025-d3fa57b5d74a,59338fa8-6d89-4114-9425-5a11c7520edd,901fdac0-61b0-40b1-a025-d3fa57b5d74a
d7a28376-f0bf-41d7-a5b1-9e2ba645c123_55fef315-1610-4b12-be90-3bcf5a6d894f,d7a28376-f0bf-41d7-a5b1-9e2ba645c123,55fef315-1610-4b12-be90-3bcf5a6d894f
d7a28376-f0bf-41d7-a5b1-9e2ba645c123_2b529dee-bfd2-4c4b-8ce2-64e30e41dd37,d7a28376-f0bf-41d7-a5b1-9e2ba645c123,2b529dee-bfd2-4c4b-8ce2-64e30e41dd37
7a1b080d-857c-4927-a541-0f6888d8dfa4_5d322f8e-89dd-4f5c-8f57-66aae11a141a,7a1b080d-857c-4927-a541-0f6888d8dfa4,5d322f8e-89dd-4f5c-8f57-66aae11a141a
7a1b080d-857c-4927-a541-0f6888d8dfa4_e015bddd-1075-42a6-a7ee-422fc71074b1,7a1b080d-857c-4927-a541-0f6888d8dfa4,e015bddd-1075-42a6-a7ee-422fc71074b1
5d322f8e-89dd-4f5c-8f57-66aae11a141a_b3f2a418-e739-45d2-bc90-b4e86e5eb08c,5d322f8e-89dd-4f5c-8f57-66aae11a141a,b3f2a418-e739-45d2-bc90-b4e86e5eb08c
5d322f8e-89dd-4f5c-8f57-66aae11a141a_35b3694d-73de-4208-965e-b4327de54c50,5d322f8e-89dd-4f5c-8f57-66aae11a141a,35b3694d-73de-4208-965e-b4327de54c50
b3f2a418-e739-45d2-bc90-b4e86e5eb08c_3d50d4fd-5f50-45d5-aaf5-1d426060b242,b3f2a418-e739-45d2-bc90-b4e86e5eb08c,3d50d4fd-5f50-45d5-aaf5-1d426060b242
b3f2a418-e739-45d2-bc90-b4e86e5eb08c_b82cde55-193d-4e63-9923-ef78af919358,b3f2a418-e739-45d2-bc90-b4e86e5eb08c,b82cde55-193d-4e63-9923-ef78af919358
2b529dee-bfd2-4c4b-8ce2-64e30e41dd37_b3da7d12-6dd6-4c80-8d73-17fde925d98f,2b529dee-bfd2-4c4b-8ce2-64e30e41dd37,b3da7d12-6dd6-4c80-8d73-17fde925d98f
2b529dee-bfd2-4c4b-8ce2-64e30e41dd37_901fdac0-61b0-40b1-a025-d3fa57b5d74a,2b529dee-bfd2-4c4b-8ce2-64e30e41dd37,901fdac0-61b0-40b1-a025-d3fa57b5d74a
b3da7d12-6dd6-4c80-8d73-17fde925d98f_4ec45d59-8f4f-4c46-bfda-0016b463b2b2,b3da7d12-6dd6-4c80-8d73-17fde925d98f,4ec45d59-8f4f-4c46-bfda-0016b463b2b2
9e400d0c-af6d-447e-b60f-ebb8605ae6d9_7f0f62ad-5c19-42b5-aac3-18811f308eb1,9e400d0c-af6d-447e-b60f-ebb8605ae6d9,7f0f62ad-5c19-42b5-aac3-18811f308eb1
7476a8c1-0912-4fb2-90db-68a28c1c1721_ff59eaa2-ba84-45a7-87e0-dae389f9fbfc,7476a8c1-0912-4fb2-90db-68a28c1c1721,ff59eaa2-ba84-45a7-87e0-dae389f9fbfc
ff59eaa2-ba84-45a7-87e0-dae389f9fbfc_89e2e814-562e-4909-bb08-7323c5a8ac53,ff59eaa2-ba84-45a7-87e0-dae389f9fbfc,89e2e814-562e-4909-bb08-7323c5a8ac53
3d50d4fd-5f50-45d5-aaf5-1d426060b242_89e2e814-562e-4909-bb08-7323c5a8ac53,3d50d4fd-5f50-45d5-aaf5-1d426060b242,89e2e814-562e-4909-bb08-7323c5a8ac53
3d50d4fd-5f50-45d5-aaf5-1d426060b242_c17154f6-d358-49dd-8e45-7df889da1c66,3d50d4fd-5f50-45d5-aaf5-1d426060b242,c17154f6-d358-49dd-8e45-7df889da1c66
3d50d4fd-5f50-45d5-aaf5-1d426060b242_17e5ced5-f845-48dc-bf28-7d0e4ee9e6bf,3d50d4fd-5f50-45d5-aaf5-1d426060b242,17e5ced5-f845-48dc-bf28-7d0e4ee9e6bf
89e2e814-562e-4909-bb08-7323c5a8ac53_f51a2499-d03b-468f-b614-e7c4b71b8125,89e2e814-562e-4909-bb08-7323c5a8ac53,f51a2499-d03b-468f-b614-e7c4b71b8125
f51a2499-d03b-468f-b614-e7c4b71b8125_672ae6b5-7bbd-4c74-8aa5-0eb03f58d892,f51a2499-d03b-468f-b614-e7c4b71b8125,672ae6b5-7bbd-4c74-8aa5-0eb03f58d892
f51a2499-d03b-468f-b614-e7c4b71b8125_d1a415b6-a863-4ad7-a49f-43d040a2dfb1,f51a2499-d03b-468f-b614-e7c4b71b8125,d1a415b6-a863-4ad7-a49f-43d040a2dfb1
b82cde55-193d-4e63-9923-ef78af919358_672ae6b5-7bbd-4c74-8aa5-0eb03f58d892,b82cde55-193d-4e63-9923-ef78af919358,672ae6b5-7bbd-4c74-8aa5-0eb03f58d892
b82cde55-193d-4e63-9923-ef78af919358_fbe84e77-9a97-4e66-b7d7-6fd36e6df207,b82cde55-193d-4e63-9923-ef78af919358,fbe84e77-9a97-4e66-b7d7-6fd36e6df207
672ae6b5-7bbd-4c74-8aa5-0eb03f58d892_cddc8d41-7c8a-42bb-be1e-263608f20246,672ae6b5-7bbd-4c74-8aa5-0eb03f58d892,cddc8d41-7c8a-42bb-be1e-263608f20246
cddc8d41-7c8a-42bb-be1e-263608f20246_b86359e6-ef71-48ac-aa62-8cb61463a223,cddc8d41-7c8a-42bb-be1e-263608f20246,b86359e6-ef71-48ac-aa62-8cb61463a223
b027762f-c463-4959-8648-465247294fcf_bfbe87ee-364d-44e7-bd2f-8420b9f633fd,b027762f-c463-4959-8648-465247294fcf,bfbe87ee-364d-44e7-bd2f-8420b9f633fd
b027762f-c463-4959-8648-465247294fcf_b86359e6-ef71-48ac-aa62-8cb61463a223,b027762f-c463-4959-8648-465247294fcf,b86359e6-ef71-48ac-aa62-8cb61463a223
b027762f-c463-4959-8648-465247294fcf_6602ee0a-5535-4009-8f93-4187ea5bcc81,b027762f-c463-4959-8648-465247294fcf,6602ee0a-5535-4009-8f93-4187ea5bcc81
bfbe87ee-364d-44e7-bd2f-8420b9f633fd_d5fc5d11-ecbd-47e2-a0e8-acad25274589,bfbe87ee-364d-44e7-bd2f-8420b9f633fd,d5fc5d11-ecbd-47e2-a0e8-acad25274589
b86359e6-ef71-48ac-aa62-8cb61463a223_7c064e73-9b95-4224-a146-8b900bec83c5,b86359e6-ef71-48ac-aa62-8cb61463a223,7c064e73-9b95-4224-a146-8b900bec83c5
f49567ad-168f-4763-8e1f-eeb6547af2a5_2b27a856-6748-46fd-b2c1-07ee6ca4da95,f49567ad-168f-4763-8e1f-eeb6547af2a5,2b27a856-6748-46fd-b2c1-07ee6ca4da95
f49567ad-168f-4763-8e1f-eeb6547af2a5_ca802ad4-bef5-49ba-8521-39fd249ff937,f49567ad-168f-4763-8e1f-eeb6547af2a5,ca802ad4-bef5-49ba-8521-39fd249ff937
f49567ad-168f-4763-8e1f-eeb6547af2a5_7c064e73-9b95-4224-a146-8b900bec83c5,f49567ad-168f-4763-8e1f-eeb6547af2a5,7c064e73-9b95-4224-a146-8b900bec83c5
58078e61-6d94-4ef0-bbe3-833cda6157cf_7aaa93ca-0b61-4ece-a1ba-1a040d2eb8b1,58078e61-6d94-4ef0-bbe3-833cda6157cf,7aaa93ca-0b61-4ece-a1ba-1a040d2eb8b1
58078e61-6d94-4ef0-bbe3-833cda6157cf_683c8129-fc9b-4d47-bedd-a6e90a0f7b72,58078e61-6d94-4ef0-bbe3-833cda6157cf,683c8129-fc9b-4d47-bedd-a6e90a0f7b72
58078e61-6d94-4ef0-bbe3-833cda6157cf_2b27a856-6748-46fd-b2c1-07ee6ca4da95,58078e61-6d94-4ef0-bbe3-833cda6157cf,2b27a856-6748-46fd-b2c1-07ee6ca4da95
20e4573c-6b38-4592-b1a3-8fc9cc7e3d83_7aee689d-e32f-4184-9e39-7cce5bc86d41,20e4573c-6b38-4592-b1a3-8fc9cc7e3d83,7aee689d-e32f-4184-9e39-7cce5bc86d41
7aee689d-e32f-4184-9e39-7cce5bc86d41_dfe57b89-1215-4e90-b46c-5c1f406564ec,7aee689d-e32f-4184-9e39-7cce5bc86d41,dfe57b89-1215-4e90-b46c-5c1f406564ec
a6523874-04ca-4717-afba-43aef335a2b5_2a01b9f1-6f88-4918-ab13-4bdfe371e4c8,a6523874-04ca-4717-afba-43aef335a2b5,2a01b9f1-6f88-4918-ab13-4bdfe371e4c8
2a01b9f1-6f88-4918-ab13-4bdfe371e4c8_69b6e01b-aa12-447d-a14c-ae2927610fa5,2a01b9f1-6f88-4918-ab13-4bdfe371e4c8,69b6e01b-aa12-447d-a14c-ae2927610fa5
2a01b9f1-6f88-4918-ab13-4bdfe371e4c8_9358a665-da33-4d4d-8b97-5daace911595,2a01b9f1-6f88-4918-ab13-4bdfe371e4c8,9358a665-da33-4d4d-8b97-5daace911595
69b6e01b-aa12-447d-a14c-ae2927610fa5_e3cba32d-e5e2-41d5-bbb7-b039861f9cae,69b6e01b-aa12-447d-a14c-ae2927610fa5,e3cba32d-e5e2-41d5-bbb7-b039861f9cae
d1a415b6-a863-4ad7-a49f-43d040a2dfb1_9358a665-da33-4d4d-8b97-5daace911595,d1a415b6-a863-4ad7-a49f-43d040a2dfb1,9358a665-da33-4d4d-8b97-5daace911595
2b27a856-6748-46fd-b2c1-07ee6ca4da95_452787f4-0b48-44e2-81ad-593b5ca51a59,2b27a856-6748-46fd-b2c1-07ee6ca4da95,452787f4-0b48-44e2-81ad-593b5ca51a59
2fe00d22-7d3c-4a89-8a50-93c96d1caa77_452787f4-0b48-44e2-81ad-593b5ca51a59,2fe00d22-7d3c-4a89-8a50-93c96d1caa77,452787f4-0b48-44e2-81ad-593b5ca51a59
2fe00d22-7d3c-4a89-8a50-93c96d1caa77_43351f4f-5758-4321-b896-5e3de45a5843,2fe00d22-7d3c-4a89-8a50-93c96d1caa77,43351f4f-5758-4321-b896-5e3de45a5843
17e5ced5-f845-48dc-bf28-7d0e4ee9e6bf_dfe57b89-1215-4e90-b46c-5c1f406564ec,17e5ced5-f845-48dc-bf28-7d0e4ee9e6bf,dfe57b89-1215-4e90-b46c-5c1f406564ec
